"","ensembl_gene_id","extra","gene_name","biotype","experiment","gene_biotype","baseline_RiboRNA","RNA_baseMean","RNA_log2FC","RNA_padj","Ribo_baseMean","Ribo_log2FC","Ribo_padj","RiboRNA_log2FC","RiboRNA_padj","TPM_RNA","TPM_Ribo","condition","single_exon","tx_type_RiboRNA","tx_type_IntronExon","gene_name_ok","target_status","significance"
"1","ENSG00000273269","1",NA,"protein_coding","time04h_vs_time00h","protein_coding",4.09155107674846,44.3799041321853,0.181391783514138,0.818678723671529,269.549165868253,-1.92376851985395,2.20613376173026e-10,-2.10063771200846,0.00613917248542366,44.5616282692693,1748.83502780768,"time04h",FALSE,"TE_down","premRNA_down","RP11-761B3.1","false","true"
"2","ENSG00000064393","15",NA,"protein_coding","time08h_vs_time00h","protein_coding",-1.58664003704078,452.489516250485,-1.29605171369642,1.37927674274512e-43,55.0487362723506,-2.88156691387991,5.71010404079917e-18,-1.55272914655881,2.5242877106817e-08,108.693318683772,17.4274092931822,"time08h",FALSE,"TE_down","Concordant_down","HIPK2","false","true"
"3","ENSG00000072736","18",NA,"protein_coding","time08h_vs_time00h","protein_coding",-1.35332602354613,198.994948844929,-0.706424348076688,1.34282684899775e-07,28.6248450966256,-2.03097204496177,3.20779294665985e-09,-1.32147019054991,0.00072172823565052,39.3682754463064,7.91278249437352,"time08h",FALSE,"TE_down","Concordant_down","NFATC3","false","true"
"4","ENSG00000083544","13",NA,"protein_coding","time08h_vs_time00h","protein_coding",0.0909686095758996,345.009657181984,2.82060607656893,1e-49,53.5296468651625,0.790567628360198,0.103938740612605,-1.95365920306592,4.85107717078793e-05,11.1968805400912,9.11759059172132,"time08h",FALSE,"TE_down","Concordant_up","TDRD3","false","true"
"5","ENSG00000100836","10",NA,"protein_coding","time08h_vs_time00h","protein_coding",0.406992384971914,1178.59592477444,2.85130453201906,1e-49,733.085309285951,1.80290151345663,8.91448691997363e-27,-1.03934587762551,7.66168648233093e-06,94.0689617040325,104.03450668154,"time08h",FALSE,"TE_down","Concordant_up","PABPN1","false","true"
"6","ENSG00000102804","14",NA,"protein_coding","time08h_vs_time00h","protein_coding",-0.709316289289999,192.879633333109,-0.306468741342571,0.0319423976183695,115.463441052502,0.760984247001792,0.0121512845085346,1.12160736354814,0.000638111207436188,31.9850567192146,11.9966053236212,"time08h",FALSE,"TE_up","mixed_NS","TSC22D1","false","true"
"7","ENSG00000109685","17",NA,"protein_coding","time08h_vs_time00h","protein_coding",-0.366756694893486,521.628180754778,-0.713998207813358,5.43820695545756e-17,140.955858512278,-1.50999049850907,4.14095765470858e-15,-0.790055170133929,3.13006995770182e-05,58.6099669057712,30.6333218062698,"time08h",FALSE,"TE_down","premRNA_down","WHSC1","false","true"
"8","ENSG00000111145","7",NA,"protein_coding","time08h_vs_time00h","protein_coding",-0.763839188591815,391.094830208668,-1.45851856544457,4.61568849424272e-47,113.866197543065,-2.4741446134416,3.24963864631184e-22,-1.04634841673674,0.000880495201651409,299.149835228819,106.429685653596,"time08h",FALSE,"TE_down","premRNA_down","ELK3","false","true"
"9","ENSG00000122870","11",NA,"protein_coding","time08h_vs_time00h","protein_coding",-0.740548772503679,473.879942770639,0.853218079843021,1.64007035613595e-14,109.401872636793,-0.133610329013574,0.721185386331311,-0.948624026170482,0.0023973891477268,39.0256493698795,14.2011067879823,"time08h",FALSE,"TE_down","premRNA_up","BICC1","false","true"
"10","ENSG00000133112","16",NA,"protein_coding","time08h_vs_time00h","protein_coding",0.287385482979931,4140.54550062037,0.315661827231183,0.000819928855301939,634.682760740643,-0.50266694509169,0.00314925261371147,-0.798741813821473,0.000954389077448552,678.044390128988,667.838988841096,"time08h",FALSE,"TE_down","mixed_NS","TPT1","false","true"
"11","ENSG00000133816","13",NA,"protein_coding","time08h_vs_time00h","protein_coding",-0.29774629893662,452.436733695187,-1.06580347556103,5.45388229246808e-29,185.617429445965,-1.91685335879901,2.8550558808512e-16,-0.829300655368753,0.000872070602903502,89.0118217793602,49.7395996436515,"time08h",FALSE,"TE_down","premRNA_down","MICAL2","false","true"
"12","ENSG00000141867","17",NA,"protein_coding","time08h_vs_time00h","protein_coding",0.909312163445553,223.330651157655,0.910095691803221,3.25948319744693e-10,262.840062727836,-0.207979624190786,0.368050203158575,-1.10194927783116,5.52281078529408e-05,17.9327376413485,32.2625379016445,"time08h",FALSE,"TE_down","premRNA_down","BRD4","false","true"
"13","ENSG00000146122","16","DAAM2","protein_coding","time08h_vs_time00h","protein_coding",0.11345260403361,397.993578028011,-1.32018321888451,2.28913404175201e-42,230.794499069358,-2.49674644893076,1.01848730256999e-39,-1.17005308011136,9.49074492897644e-09,89.143502007381,74.1876345182562,"time08h",FALSE,"TE_down","Concordant_down","DAAM2","false","true"
"14","ENSG00000150764","13",NA,"protein_coding","time08h_vs_time00h","protein_coding",-0.526686087913806,160.662041229324,-0.755737027208147,1.06027832620531e-05,41.7361062397878,-2.37289462538309,1.01389288870331e-11,-1.60729110678895,0.000309106707287583,36.2613422463908,16.2325148234274,"time08h",FALSE,"TE_down","premRNA_up","DIXDC1","false","true"
"15","ENSG00000151746","13",NA,"protein_coding","time08h_vs_time00h","protein_coding",1.16831020469861,34.4339704254182,1.72136778876001,1.50614934518512e-08,42.9160080632505,-0.246226433526955,0.581176437534609,-1.94556413110206,3.13006995770182e-05,4.02463443961895,9.30542556536756,"time08h",FALSE,"TE_down","premRNA_down","BICD1","false","true"
"16","ENSG00000156011","16","PSD3","protein_coding","time08h_vs_time00h","protein_coding",-0.375464707276596,524.605048930616,-0.153253939110086,0.188524934343215,189.055100643715,-1.07167896182445,1.0547832025047e-06,-0.894843001789022,0.00138494595060286,67.656884677916,35.064789848982,"time08h",FALSE,"TE_down","premRNA_up","PSD3","false","true"
"17","ENSG00000163697","16",NA,"protein_coding","time08h_vs_time00h","protein_coding",-0.168261112025525,866.335328710794,0.0546703465793971,0.585461868013039,241.410326088848,-0.704958802745445,8.48446379428565e-05,-0.722700908496216,8.43991959276313e-05,127.800849854131,80.9583132846628,"time08h",FALSE,"TE_down","premRNA_up","APBB2","false","true"
"18","ENSG00000163785","12","RYK","protein_coding","time08h_vs_time00h","protein_coding",-1.6477181576894,254.81072538105,-0.197840444450261,0.165922086274397,53.9628712261643,1.3761800130189,1.66105149046869e-05,1.53633744930028,3.13006995770182e-05,49.8329947411475,7.53098909718212,"time08h",FALSE,"TE_up","premRNA_down","RYK","false","true"
"19","ENSG00000173210","19",NA,"protein_coding","time08h_vs_time00h","protein_coding",-0.904882805692558,151.499811861996,-0.81253069034981,6.52505990154775e-07,28.6208149890896,-2.47024108794345,5.68848796467424e-11,-1.65075641327439,0.000866265109487063,48.7715090326653,15.1357719501231,"time08h",FALSE,"TE_down","premRNA_down","ABLIM3","false","true"
"20","ENSG00000174444","14",NA,"protein_coding","time08h_vs_time00h","protein_coding",-0.581325648129022,5357.15652991154,0.354386906075544,6.62457288422341e-09,640.391555849313,-0.416152515029668,0.117762531794875,-0.695861998727508,0.00554256924799888,799.962434071287,339.64498998139,"time08h",FALSE,"TE_down","mixed_NS","RPL4","false","true"
"21","ENSG00000184014","7",NA,"protein_coding","time08h_vs_time00h","protein_coding",-1.5324243853534,821.974051684134,-0.364894361888289,8.7003973537467e-06,89.6635787062981,-1.12295911305256,2.00694844445659e-07,-0.749345895063563,0.00132588552784248,106.858069802741,18.056987012633,"time08h",FALSE,"TE_down","Concordant_down","DENND5A","false","true"
"22","ENSG00000198755","10",NA,"protein_coding","time08h_vs_time00h","protein_coding",-1.3918289470706,1663.27182039798,0.327024398783795,1.45705058113693e-05,180.270295757274,-0.46907745166856,0.105659342278696,-0.822727826685195,0.00969498572319676,982.089584242217,190.167435717694,"time08h",FALSE,"TE_down","Concordant_up","RPL10A","false","true"
"23","ENSG00000250741","6",NA,"protein_coding","time08h_vs_time00h","protein_coding",-0.533745439106987,809.302027868534,4.77556745884267,1e-49,166.027480876884,3.15762611986229,1.18195432811515e-18,-1.6041721509036,0.00727594787894788,9.23371609715731,4.10533547237807,"time08h",FALSE,"TE_down","Concordant_up","NT5C1B-RDH14","false","true"
"24","ENSG00000258643","5",NA,"protein_coding","time08h_vs_time00h","protein_coding",-0.207220136752729,1146.37151344785,2.67495145698762,1e-49,698.316626616285,1.74730563888231,1.12281329841288e-32,-0.905428134733158,1.00353551236204e-05,147.343541957646,89.881258722123,"time08h",FALSE,"TE_down","premRNA_up","BCL2L2-PABPN1","false","true"
"25","ENSG00000001629","9",NA,"protein_coding","time14h_vs_time00h","protein_coding",-1.14915548923245,332.92546859623,0.779250713841016,1.29918517148775e-12,66.1370431602854,-0.336010729721878,0.390145392077075,-0.983901287588848,0.00439646117970023,56.6705032892529,13.8813720497395,"time14h",FALSE,"TE_down","Concordant_up","ANKIB1","false","true"
"26","ENSG00000017797","11",NA,"protein_coding","time14h_vs_time00h","protein_coding",-0.742638516972769,260.265421566808,0.268615695862609,0.0417923379700059,78.2816397957575,-0.915301634886634,0.000977137127645917,-1.11499649704135,0.000784930783650983,77.2165668438806,28.0416399579716,"time14h",FALSE,"TE_down","mixed_NS","RALBP1","false","true"
"27","ENSG00000023330","14",NA,"protein_coding","time14h_vs_time00h","protein_coding",-0.419230596011106,308.200399108639,2.55526172787622,1e-49,322.232667982737,3.35890695741099,5.0630767585609e-69,0.874186638797295,0.000100303904913905,47.2094244679508,23.4517945766322,"time14h",FALSE,"TE_up","premRNA_down","ALAS1","false","true"
"28","ENSG00000038382","17",NA,"protein_coding","time14h_vs_time00h","protein_coding",-0.871368395424556,1129.41146261812,-0.427540197420534,2.16398155975862e-08,334.417075390025,-1.15831906663387,1.81724879529299e-14,-0.677632823408129,0.000100303904913905,85.0794736116237,27.2748487830846,"time14h",FALSE,"TE_down","premRNA_down","TRIO","false","true"
"29","ENSG00000047849","21",NA,"protein_coding","time14h_vs_time00h","protein_coding",-0.0623695491685666,1149.93554827699,-0.979379256194429,1.59143354021876e-36,996.06880488312,-1.70202061200443,4.71923583898912e-43,-0.653685017291454,3.9647066756466e-05,115.468229239602,81.0471465661717,"time14h",FALSE,"TE_down","premRNA_down","MAP4","false","true"
"30","ENSG00000055609","17",NA,"protein_coding","time14h_vs_time00h","protein_coding",-1.54472533674897,732.449415462728,1.45027382736217,1e-49,124.395903822821,0.497030504569949,0.0108135739798129,-0.892063271708752,9.14629068426906e-06,26.8863997608238,4.48947673988927,"time14h",FALSE,"TE_down","premRNA_down","KMT2C","false","true"
"31","ENSG00000056586","15",NA,"protein_coding","time14h_vs_time00h","protein_coding",-1.40339129305246,662.680780304449,2.38030684098567,1e-49,78.7550820970856,1.2241728140331,2.13040128390479e-05,-1.07194729449403,0.000190658886801127,38.068109777075,7.28923909527135,"time14h",FALSE,"TE_down","premRNA_down","RC3H2","false","true"
"32","ENSG00000057019","15",NA,"protein_coding","time14h_vs_time00h","protein_coding",-0.19232906046229,2696.3697634595,-0.737550573444176,2.31607834177506e-28,1220.06410711777,-1.38115046260764,5.93611190513807e-35,-0.582506517589774,1.76782467462671e-05,570.25901994016,352.918747604868,"time14h",FALSE,"TE_down","premRNA_up","DCBLD2","false","true"
"33","ENSG00000058056","8",NA,"protein_coding","time14h_vs_time00h","protein_coding",0.335296302882936,87.415879459026,-0.0107875354726746,0.962906420906786,93.4430322116846,-1.233494940658,7.7076127064174e-06,-1.13186982020327,0.00213233077795891,25.4039861338684,26.2102467231026,"time14h",FALSE,"TE_down","mixed_NS","USP13","false","true"
"34","ENSG00000058673","15","ZC3H11A","protein_coding","time14h_vs_time00h","protein_coding",-2.165544311056,437.266494485921,0.92850340264359,3.18943142595229e-24,75.8512136086172,2.53476878284964,1.10024150198674e-13,1.70166896347374,7.10242506070732e-09,88.8735736433805,8.13323701197335,"time14h",FALSE,"TE_up","premRNA_down","ZC3H11A","false","true"
"35","ENSG00000060237","16",NA,"protein_coding","time14h_vs_time00h","protein_coding",-1.00030836170003,1288.6025474837,1.29113615617211,1e-49,347.076635572877,0.384201855762628,0.0349275502045683,-0.848393177583346,1.69938394404765e-05,74.057261623191,20.9537356899928,"time14h",FALSE,"TE_down","Concordant_up","WNK1","false","true"
"36","ENSG00000064393","15",NA,"protein_coding","time14h_vs_time00h","protein_coding",-1.58664003704078,452.489516250485,-2.07293740046934,1e-49,55.0487362723506,-4.21356147774813,2.07857510901681e-19,-2.13322334993693,2.86412734544667e-05,108.693318683772,17.4274092931822,"time14h",FALSE,"TE_down","Concordant_down","HIPK2","false","true"
"37","ENSG00000069020","18",NA,"protein_coding","time14h_vs_time00h","protein_coding",-0.550560419770551,241.406251335134,0.764126734905261,4.70446316404251e-08,113.074602806076,-0.38225368963817,0.14706784806325,-1.09603388696875,0.000553936169181126,11.4428859685027,5.00534262885576,"time14h",FALSE,"TE_down","premRNA_up","MAST4","false","true"
"38","ENSG00000070018","8",NA,"protein_coding","time14h_vs_time00h","protein_coding",-0.87036655188598,471.443364571269,2.62409091563578,1e-49,101.965066491645,1.12919162444288,0.0160902611002233,-1.42256744016854,0.00695244734829119,23.8206701845014,7.64386483144129,"time14h",FALSE,"TE_down","premRNA_up","LRP6","false","true"
"39","ENSG00000072364","12",NA,"protein_coding","time14h_vs_time00h","protein_coding",-0.176142881905096,1000.35596455769,2.07332938157347,1e-49,523.790710971903,1.49321752667429,2.6563532537686e-26,-0.521684528817794,0.00636542328813745,84.5348522401921,53.1432029913296,"time14h",FALSE,"TE_down","premRNA_down","AFF4","false","true"
"40","ENSG00000076356","6",NA,"protein_coding","time14h_vs_time00h","protein_coding",-0.672898010962396,340.672886671389,-2.99443018861715,1e-49,140.168898990307,-4.84998250419979,2.15381334556704e-38,-1.81923425663293,0.000100303904913905,65.2100367852819,25.3364925990358,"time14h",FALSE,"TE_down","Concordant_down","PLXNA2","false","true"
"41","ENSG00000078618","20",NA,"protein_coding","time14h_vs_time00h","protein_coding",0.655892638524432,482.834312623762,0.794759527264029,4.35761428550367e-17,463.870858900283,-0.466574008611916,0.242077034780337,-1.18863385340621,0.00640119244976374,58.8847755052084,82.878887923804,"time14h",FALSE,"TE_down","premRNA_down","NRDC","false","true"
"42","ENSG00000079156","16",NA,"protein_coding","time14h_vs_time00h","protein_coding",0.59738701730423,266.562073464678,3.12736772552532,1e-49,134.45369644524,1.94980948141745,3.8244462273015e-12,-1.11355341827472,0.00118131619405406,9.09163026988803,12.0912146679348,"time14h",FALSE,"TE_down","Concordant_up","OSBPL6","false","true"
"43","ENSG00000082996","19",NA,"protein_coding","time14h_vs_time00h","protein_coding",0.0160123083033816,87.2878815799645,0.357541449323175,0.0755673205797955,40.3823138464984,-0.980140531411334,0.0150635758038289,-1.20476826183306,0.00827270848849892,30.7382848003523,23.2771235417616,"time14h",FALSE,"TE_down","mixed_NS","RNF13","false","true"
"44","ENSG00000083544","13",NA,"protein_coding","time14h_vs_time00h","protein_coding",0.0909686095758996,345.009657181984,3.56177618236817,1e-49,53.5296468651625,1.24844957694728,0.00239349841869418,-2.22273310708666,1.50034840700681e-07,11.1968805400912,9.11759059172132,"time14h",FALSE,"TE_down","premRNA_down","TDRD3","false","true"
"45","ENSG00000083857","13",NA,"protein_coding","time14h_vs_time00h","protein_coding",-0.721337540311774,3893.5812282301,-1.45456692650208,1e-49,2018.65228740499,-2.49611356648223,1.39611103943027e-22,-0.976340280306769,0.00125133954539208,324.773236053165,120.402154813987,"time14h",FALSE,"TE_down","premRNA_down","FAT1","false","true"
"46","ENSG00000087086","14",NA,"protein_coding","time14h_vs_time00h","protein_coding",-2.80123373676432,1273.54581797638,-0.572478284881171,4.15272839858243e-10,64.2718306458645,-1.9492688542257,2.38602990424038e-07,-1.33821138662201,0.0021775694780048,1929.38404978673,95.3852736339807,"time14h",FALSE,"TE_down","premRNA_up","FTL","false","true"
"47","ENSG00000089006","16",NA,"protein_coding","time14h_vs_time00h","protein_coding",0.576530639849602,281.74746722335,-0.638993566981565,1.09858401917383e-06,139.836695910543,-2.41577383684164,2.7660240803479e-19,-1.72518151610858,3.85948676278918e-08,58.1106559246619,75.7373099020867,"time14h",FALSE,"TE_down","Concordant_down","SNX5","false","true"
"48","ENSG00000089009","15",NA,"protein_coding","time14h_vs_time00h","protein_coding",-0.246628177205542,1287.58810160625,0.494816312388968,8.86047836762925e-14,210.123891479679,-0.156884179475399,0.505506635885213,-0.606785872141195,0.00396476338217409,247.239942919037,145.170411933902,"time14h",FALSE,"TE_down","Concordant_up","RPL6","false","true"
"49","ENSG00000090020","10",NA,"protein_coding","time14h_vs_time00h","protein_coding",0.339111406188432,117.733088834247,-0.485783575536216,0.010884957662158,120.67378307599,-2.16111296086787,4.52808901037576e-09,-1.64059721314322,0.00224771125912908,42.2857088876433,43.7892829022689,"time14h",FALSE,"TE_down","premRNA_up","SLC9A1","false","true"
"50","ENSG00000092036","17",NA,"protein_coding","time14h_vs_time00h","protein_coding",0.519701406333251,58.7910857573866,-0.894547390111956,0.000375501256776524,58.5323174105273,-2.87367289626108,3.27209274436445e-12,-1.92759487958474,0.000552664978818486,33.3687677518354,41.1610818523666,"time14h",FALSE,"TE_down","Concordant_down","HAUS4","false","true"
"51","ENSG00000092969","11",NA,"protein_coding","time14h_vs_time00h","protein_coding",0.510912225517651,216.587957268743,-2.07108364775904,5.77805125703131e-42,241.88291505576,-3.92523355806778,1.86778219096905e-58,-1.78871354188991,2.71709984494388e-09,148.525801478567,181.656522655884,"time14h",FALSE,"TE_down","premRNA_up","TGFB2","false","true"
"52","ENSG00000100316","15",NA,"protein_coding","time14h_vs_time00h","protein_coding",-0.252403421895095,3257.19401620696,0.16067226093624,0.060752325430385,872.713853187454,-0.709538140049479,0.000766807211966601,-0.811677440426987,0.00531614706829055,624.433147650185,364.599305038532,"time14h",FALSE,"TE_down","mixed_NS","RPL3","false","true"
"53","ENSG00000100330","15",NA,"protein_coding","time14h_vs_time00h","protein_coding",-0.520884507164935,174.100100162282,1.554286708187,4.33717854995465e-26,60.9005014177624,0.591974456453565,0.0148344803101243,-0.892326835224358,0.00747576574084964,16.9900809780162,7.64853128919643,"time14h",FALSE,"TE_down","premRNA_down","MTMR3","false","true"
"54","ENSG00000100731","15",NA,"protein_coding","time14h_vs_time00h","protein_coding",-0.869713539548912,875.151756780113,1.61544690533123,1e-49,202.809243005882,0.614309644226904,0.0161337662080268,-0.922025305118769,0.000100303904913905,39.4670404446859,12.6726750561344,"time14h",FALSE,"TE_down","Concordant_up","PCNX1","false","true"
"55","ENSG00000101361","15",NA,"protein_coding","time14h_vs_time00h","protein_coding",0.531356393460951,414.995676969705,0.697046958606825,9.3014285874039e-14,277.176262509275,-0.123918998770664,0.448773751226419,-0.761134561192,1.55254366772644e-06,75.1295238346663,93.7260649513305,"time14h",FALSE,"TE_down","Concordant_up","NOP56","false","true"
"56","ENSG00000102606","17",NA,"protein_coding","time14h_vs_time00h","protein_coding",0.920188891742381,107.295128538699,1.31335836467523,9.53354479620361e-13,102.644904420928,0.282883433744014,0.202832368468999,-0.970305392371452,0.00380372654850927,11.8107257473485,21.473569792897,"time14h",FALSE,"TE_down","premRNA_down","ARHGEF7","false","true"
"57","ENSG00000102804","14",NA,"protein_coding","time14h_vs_time00h","protein_coding",-0.709316289289999,192.879633333109,0.224090640016542,0.101286174397733,115.463441052502,1.49096544676976,1.20364497876675e-08,1.32300349121297,1.08675710054314e-06,31.9850567192146,11.9966053236212,"time14h",FALSE,"TE_up","mixed_NS","TSC22D1","false","true"
"58","ENSG00000102908","20",NA,"protein_coding","time14h_vs_time00h","protein_coding",-0.454691651927531,282.226792784359,1.45414597478963,3.5373781586111e-39,211.037737464044,2.45662551828104,3.4017516613504e-25,1.07110169793168,3.69745867246219e-05,22.6860300855787,10.8889942896187,"time14h",FALSE,"TE_up","premRNA_down","NFAT5","false","true"
"59","ENSG00000108854","15",NA,"protein_coding","time14h_vs_time00h","protein_coding",-0.945879497126426,925.965154799784,0.752275602199753,6.70997726784548e-21,147.948712132806,-0.631232120723614,0.0174345171691726,-1.29241509804258,1.56200474655149e-08,220.511163812967,65.7691256950607,"time14h",FALSE,"TE_down","premRNA_down","SMURF2","false","true"
"60","ENSG00000109046","14",NA,"protein_coding","time14h_vs_time00h","protein_coding",-0.150896147266427,314.088104084073,1.31026706940854,3.89165526402232e-27,174.633136200451,2.52964425445179,3.22225826411289e-21,1.28653621482133,8.34143994981453e-05,50.2901254973727,32.3978130256109,"time14h",FALSE,"TE_up","Concordant_up","WSB1","false","true"
"61","ENSG00000109685","17",NA,"protein_coding","time14h_vs_time00h","protein_coding",-0.366756694893486,521.628180754778,-1.47316564543641,1e-49,140.955858512278,-2.30679756051087,7.42907662734757e-27,-0.814599057157525,0.00090072139016874,58.6099669057712,30.6333218062698,"time14h",FALSE,"TE_down","premRNA_down","WHSC1","false","true"
"62","ENSG00000109756","8",NA,"protein_coding","time14h_vs_time00h","protein_coding",-0.51628248853873,563.356872832546,2.89618340867366,1e-49,167.948658204449,1.8660496053973,8.99843050042136e-14,-0.956539615061345,0.000928499541071413,18.0322229517074,8.15394711053913,"time14h",FALSE,"TE_down","Concordant_up","RAPGEF2","false","true"
"63","ENSG00000112851","14",NA,"protein_coding","time14h_vs_time00h","protein_coding",-0.491671355327746,817.13080032226,0.829246222811394,2.65169441472317e-25,260.020173613321,-0.255958414763537,0.484126499818903,-1.00353487291365,0.00445599364745983,86.497739803403,40.0568724037863,"time14h",FALSE,"TE_down","Concordant_up","ERBIN","false","true"
"64","ENSG00000113638","13",NA,"protein_coding","time14h_vs_time00h","protein_coding",1.44852369415577,19.3627702498953,0.252697676306242,0.562693252019144,22.8679331730611,-2.14630145693693,1.83458130672628e-06,-2.32166885270685,0.000503632679876183,6.92827915091794,21.0144569087528,"time14h",FALSE,"TE_down","premRNA_up","TTC33","false","true"
"65","ENSG00000113971","18",NA,"protein_coding","time14h_vs_time00h","protein_coding",0.160109395418863,360.154973131231,2.6633787391752,1e-49,211.163295255461,1.805187077549,2.30719581333594e-28,-0.79288129160851,0.00199076174268315,16.69043085141,14.5324026516237,"time14h",FALSE,"TE_down","Concordant_up","NPHP3","false","true"
"66","ENSG00000114251","13",NA,"protein_coding","time14h_vs_time00h","protein_coding",0.36085051042502,254.232530339833,-2.59424018269896,1e-49,375.218833784091,-1.58659908873803,3.40649516952966e-15,1.04545396947801,0.00039776684517065,216.769158099006,229.254110182679,"time14h",FALSE,"TE_up","premRNA_down","WNT5A","false","true"
"67","ENSG00000114331","13",NA,"protein_coding","time14h_vs_time00h","protein_coding",0.433671791140735,999.079979070959,3.65371338572015,1e-49,408.265620171932,1.90773010370226,1.48201073548843e-06,-1.68511433687751,0.000282715229391216,38.9804559749381,44.2386366216294,"time14h",FALSE,"TE_down","premRNA_down","ACAP2","false","true"
"68","ENSG00000114982","17",NA,"protein_coding","time14h_vs_time00h","protein_coding",-0.537424101681948,162.549194030093,0.599899156717237,2.4350875000814e-05,55.0692098079747,-0.860861896080441,0.00567915751679724,-1.40393111689421,7.28085755976648e-06,30.209876955421,13.3836174483247,"time14h",FALSE,"TE_down","premRNA_down","KANSL3","false","true"
"69","ENSG00000115825","9",NA,"protein_coding","time14h_vs_time00h","protein_coding",-0.574786414134466,207.521837574615,-0.204062790981156,0.15006912712805,48.9213470050156,-2.0819363731222,8.86638122604177e-05,-1.71597620227811,0.000583108717561317,36.6753714924903,15.6704378422807,"time14h",FALSE,"TE_down","mixed_NS","PRKD3","false","true"
"70","ENSG00000115970","18",NA,"protein_coding","time14h_vs_time00h","protein_coding",0.923501478403228,132.45240054724,1.15246983241365,3.45182391451472e-13,125.944089445537,-0.0716962115860492,0.842628687151867,-1.15746558483412,0.00194402905088874,6.57310281892453,11.9892401840274,"time14h",FALSE,"TE_down","premRNA_down","THADA","false","true"
"71","ENSG00000116106","11",NA,"protein_coding","time14h_vs_time00h","protein_coding",0.213036186161081,181.268041891906,1.03430335547901,3.46455705684889e-13,283.367828887817,1.7696867955367,1.37678521610052e-24,0.800082834923805,0.00159551252925518,24.6174659647588,22.5620724011888,"time14h",FALSE,"TE_up","premRNA_up","EPHA4","false","true"
"72","ENSG00000116285","12",NA,"protein_coding","time14h_vs_time00h","protein_coding",-0.457837141292747,1107.07158983263,0.467888807210578,4.09003529507526e-09,392.470046235624,-0.380841785971202,0.0652221603865408,-0.771342281182401,9.13261067739349e-05,424.774425469774,203.265817884261,"time14h",FALSE,"TE_down","Concordant_up","ERRFI1","false","true"
"73","ENSG00000116679","15",NA,"protein_coding","time14h_vs_time00h","protein_coding",0.554680689959052,586.331955378395,1.83679694241767,1e-49,230.955016339904,-0.709663570699466,0.115237411206065,-2.46654509364332,1.78128944642608e-09,57.7315036135263,73.6673271648504,"time14h",FALSE,"TE_down","premRNA_up","IVNS1ABP","false","true"
"74","ENSG00000116731","22",NA,"protein_coding","time14h_vs_time00h","protein_coding",-0.892549363898713,317.698984376127,1.53080727137183,8.60065828490246e-47,157.452295296386,2.60486445267968,4.28088204584771e-32,1.15673417039328,7.48890764009638e-07,20.9356392086056,6.57526351259435,"time14h",FALSE,"TE_up","Concordant_up","PRDM2","false","true"
"75","ENSG00000117616","17",NA,"protein_coding","time14h_vs_time00h","protein_coding",-0.423916849824748,378.543910123961,4.05350740790376,1e-49,202.204786061489,5.75814141623928,1.49257986930194e-51,1.76389481592713,0.00472569352381524,12.4154130134018,6.13955772594687,"time14h",FALSE,"TE_up","Concordant_up","RSRP1","false","true"
"76","ENSG00000118515","11",NA,"protein_coding","time14h_vs_time00h","protein_coding",0.883074757348358,500.634910811704,3.49486864601999,1e-49,641.508874058179,3.98775805015987,9.47114891737131e-211,0.560785251915695,0.00437882899258847,16.6090373453657,29.1312139040008,"time14h",FALSE,"TE_up","Concordant_up","SGK1","false","true"
"77","ENSG00000118655","4",NA,"protein_coding","time14h_vs_time00h","protein_coding",-0.765565859502931,129.730048645189,0.169664412657407,0.344372272040369,36.1987680836099,-1.21688312024132,0.00203773132511886,-1.29635161378868,0.00437954468342851,43.6942038741402,15.5192757251428,"time14h",FALSE,"TE_down","mixed_NS","DCLRE1B","false","true"
"78","ENSG00000119900","7",NA,"protein_coding","time14h_vs_time00h","protein_coding",-0.833962051394016,650.797692951898,1.36268751750016,1e-49,115.512442342066,0.233273198023579,0.458853668030987,-1.07238991998569,0.00040092828389992,115.125201765934,38.2687638288851,"time14h",FALSE,"TE_down","Concordant_up","OGFRL1","false","true"
"79","ENSG00000122870","11",NA,"protein_coding","time14h_vs_time00h","protein_coding",-0.740548772503679,473.879942770639,2.88930394984309,1e-49,109.401872636793,1.46852095857592,2.01883082002777e-10,-1.37252104320205,1.70901215562885e-09,39.0256493698795,14.2011067879823,"time14h",FALSE,"TE_down","premRNA_up","BICC1","false","true"
"80","ENSG00000123240","16",NA,"protein_coding","time14h_vs_time00h","protein_coding",0.326495000078117,292.881170143518,-1.06706932855761,3.42497086883042e-16,176.987206282193,-2.20417836580486,2.31164679312692e-19,-1.06537928228971,0.00105201592431394,67.6766822904141,69.2318094907589,"time14h",FALSE,"TE_down","Concordant_down","OPTN","false","true"
"81","ENSG00000124198","8",NA,"protein_coding","time14h_vs_time00h","protein_coding",-0.989267568354348,495.519452648194,1.86238622017797,1e-49,151.82759430068,1.02707660954899,5.57188420843736e-08,-0.766345623406418,0.00012607925692784,39.8387874578332,11.3931725365905,"time14h",FALSE,"TE_down","premRNA_down","ARFGEF2","false","true"
"82","ENSG00000124459","11",NA,"protein_coding","time14h_vs_time00h","protein_coding",-1.62250034270794,111.466604781679,1.75524732810102,1.29190348394537e-22,13.1619196998767,0.214401513056772,0.728525144263045,-1.48924185456005,0.0077452536010563,20.5224991209926,3.17814829765475,"time14h",FALSE,"TE_down","premRNA_down","ZNF45","false","true"
"83","ENSG00000125686","11",NA,"protein_coding","time14h_vs_time00h","protein_coding",-1.02127009914943,610.225312862883,2.13083370109534,1e-49,151.166344809244,1.13963352277713,1.78102042102629e-07,-0.916863129285432,0.000900691999254031,50.4605196929696,13.9903036057859,"time14h",FALSE,"TE_down","premRNA_down","MED1","false","true"
"84","ENSG00000125691","12",NA,"protein_coding","time14h_vs_time00h","protein_coding",0.928687608362087,3457.07231149002,0.269451769646125,1.54296118838663e-05,852.44490343901,-0.424443017835517,0.001927382954926,-0.644979979486251,1.08102105394997e-06,527.140486270802,966.338672992688,"time14h",TRUE,"TE_down","mixed_NS","RPL23","false","true"
"85","ENSG00000128016","5",NA,"protein_coding","time14h_vs_time00h","protein_coding",-1.71325474256035,26.3445767359098,-0.983627829333444,0.00280937622533469,17.8620760201839,1.69159256549503,0.0131417802834269,2.68107839923925,0.00184539556609348,49.1529541645203,6.97130486188337,"time14h",FALSE,"TE_up","Concordant_down","ZFP36","false","true"
"86","ENSG00000128272","14",NA,"protein_coding","time14h_vs_time00h","protein_coding",-2.98380692633652,1037.93824984576,1.52675362311439,1e-49,91.8752154594339,3.12484334483502,1.66672739917444e-17,1.67315414779412,1.08430530819351e-06,367.750970109941,15.2338533717244,"time14h",FALSE,"TE_up","Concordant_up","ATF4","false","true"
"87","ENSG00000131459","12",NA,"protein_coding","time14h_vs_time00h","protein_coding",0.305347783837135,248.69162693904,-0.348567944904154,0.00298186541290782,309.702279925191,-1.19681110718226,7.35819457322936e-09,-0.799452049084531,0.00456402641425327,105.989783148341,106.226826039296,"time14h",FALSE,"TE_down","premRNA_up","GFPT2","false","true"
"88","ENSG00000131873","5",NA,"protein_coding","time14h_vs_time00h","protein_coding",-0.969990133729,468.243317467426,1.88385023275097,1e-49,110.457732086363,0.741823428006326,0.00395042169945647,-1.05532796490301,7.27376719290725e-05,64.4044727018325,18.7656846594708,"time14h",FALSE,"TE_down","Concordant_up","CHSY1","false","true"
"89","ENSG00000132155","11",NA,"protein_coding","time14h_vs_time00h","protein_coding",-0.256857217807979,597.202507065447,1.00076144795105,7.03659299226259e-25,163.370988201585,-0.0891323230516447,0.735222931854949,-1.01362566585577,2.21447051758513e-05,87.7641531293897,51.0238689766399,"time14h",FALSE,"TE_down","premRNA_down","RAF1","false","true"
"90","ENSG00000133112","16",NA,"protein_coding","time14h_vs_time00h","protein_coding",0.287385482979931,4140.54550062037,0.376006770861145,3.32840876322194e-05,634.682760740643,-0.68769652221043,1.19286189574126e-05,-1.00262126339152,7.78495281537345e-07,678.044390128988,667.838988841096,"time14h",FALSE,"TE_down","mixed_NS","TPT1","false","true"
"91","ENSG00000133131","14",NA,"protein_coding","time14h_vs_time00h","protein_coding",0.433186711104741,239.517958245101,2.67764386059217,1e-49,175.8869401853,1.51388964300004,2.54032419376985e-08,-1.09670245629702,0.00636542328813745,19.1706088100213,21.7463641431471,"time14h",FALSE,"TE_down","premRNA_up","MORC4","false","true"
"92","ENSG00000133816","13",NA,"protein_coding","time14h_vs_time00h","protein_coding",-0.29774629893662,452.436733695187,-2.68051075807074,1e-49,185.617429445965,-4.18467767511195,2.62136570089923e-42,-1.40492247167863,6.01265161536071e-05,89.0118217793602,49.7395996436515,"time14h",FALSE,"TE_down","premRNA_up","MICAL2","false","true"
"93","ENSG00000135870","11",NA,"protein_coding","time14h_vs_time00h","protein_coding",-1.17973719519057,483.449402742621,2.6636428365275,1e-49,66.9819935969484,1.8427480266484,4.41474618211192e-14,-0.74756977345843,0.00838752747562402,28.8395425520144,6.85801256503867,"time14h",FALSE,"TE_down","premRNA_down","RC3H1","false","true"
"94","ENSG00000136044","11",NA,"protein_coding","time14h_vs_time00h","protein_coding",0.497853092543393,177.159107680321,-0.475844631141283,0.00111268060158361,202.179996154763,-1.3567676802049,2.01373448074824e-11,-0.803144547143582,0.00562146885331504,59.5873628456287,71.9630251070828,"time14h",FALSE,"TE_down","Concordant_down","APPL2","false","true"
"95","ENSG00000137185","11",NA,"protein_coding","time14h_vs_time00h","protein_coding",-0.352382198342869,30.8817068208734,0.547746648314135,0.0965590150702889,36.8761661473575,2.09828985755158,6.68005694070084e-10,1.61477034423612,0.00496212438300267,11.9922894165935,6.355824899294,"time14h",FALSE,"TE_up","premRNA_down","ZSCAN9","false","true"
"96","ENSG00000137331","11",NA,"protein_coding","time14h_vs_time00h","protein_coding",-1.05756426760569,46.2211316209926,0.0982097653722831,0.713672467756659,69.0019973733989,2.20406375113968,1.49623198102095e-07,2.15903866969546,0.000199134824413712,155.232755861877,41.5518339542033,"time14h",TRUE,"TE_up","mixed_NS","IER3","false","true"
"97","ENSG00000138411","10",NA,"protein_coding","time14h_vs_time00h","protein_coding",-1.37810681402273,69.675459403498,0.477637651166597,0.0247902244322937,28.7895583067098,1.82802851936366,8.33119769106475e-07,1.3941615151769,0.00208206053622305,11.271846229094,2.21183570228787,"time14h",FALSE,"TE_up","mixed_NS","HECW2","false","true"
"98","ENSG00000138449","10",NA,"protein_coding","time14h_vs_time00h","protein_coding",-0.157249623434399,148.24196759073,0.929708997137564,3.65249373847111e-07,75.3411559069442,-1.17968076783821,0.000433457819914475,-2.0280205296219,6.59158822508433e-07,29.1310310348585,18.6515954775344,"time14h",FALSE,"TE_down","Concordant_up","SLC40A1","false","true"
"99","ENSG00000138650","8",NA,"protein_coding","time14h_vs_time00h","protein_coding",0.195686274962429,33.8071989096544,3.15585084596263,2.94519303568302e-18,9.82645826536404,0.450770953092258,0.568710891021841,-2.58865965445767,0.0024288465868526,1.3611479440732,1.22671038247152,"time14h",FALSE,"TE_down","Concordant_up","PCDH10","false","true"
"100","ENSG00000140937","13",NA,"protein_coding","time14h_vs_time00h","protein_coding",0.675975151331402,441.579619531224,-0.484705863852122,8.99269289331456e-07,267.271845614262,-1.20809268871002,1.23867865770415e-09,-0.678324420469158,0.00380372654850927,46.8642713172292,67.2560366223935,"time14h",FALSE,"TE_down","premRNA_up","CDH11","false","true"
"101","ENSG00000141627","13",NA,"protein_coding","time14h_vs_time00h","protein_coding",-0.0960454963769855,205.845080698306,0.622005491635335,4.56833677785639e-06,74.0312562829415,-0.510321090942983,0.133908256462966,-1.06567136947337,0.00458726424257575,30.0179431238845,20.3933710928534,"time14h",FALSE,"TE_down","premRNA_up","DYM","false","true"
"102","ENSG00000141867","17",NA,"protein_coding","time14h_vs_time00h","protein_coding",0.909312163445553,223.330651157655,1.72011925969277,6.07158650124179e-36,262.840062727836,0.551596958583565,0.00173223871887427,-1.10451591499663,6.28756476763817e-06,17.9327376413485,32.2625379016445,"time14h",FALSE,"TE_down","premRNA_down","BRD4","false","true"
"103","ENSG00000142534","6",NA,"protein_coding","time14h_vs_time00h","protein_coding",-0.509617310873378,4589.38033699444,0.458576936757744,2.59302827602613e-11,1082.2803166678,-0.0708391371149007,0.598759836386212,-0.472688878922637,0.00272435885130777,2715.51503955119,1235.87574022449,"time14h",FALSE,"TE_down","Concordant_up","RPS11","false","true"
"104","ENSG00000143322","19",NA,"protein_coding","time14h_vs_time00h","protein_coding",-0.705905370823634,652.85446902461,1.97356306978005,1e-49,403.709656386265,2.51307273829122,7.14425764019266e-86,0.604396360349391,0.000183200324233449,61.407629312563,23.1083276398507,"time14h",FALSE,"TE_up","Concordant_up","ABL2","false","true"
"105","ENSG00000143393","16",NA,"protein_coding","time14h_vs_time00h","protein_coding",-0.779790113077461,250.315058455043,0.246168308903724,0.044949477151462,74.725506684271,-0.842339219119159,0.00265466571142883,-1.06540808429874,0.000591880833512921,57.4106000500645,20.1120205592275,"time14h",FALSE,"TE_down","mixed_NS","PI4KB","false","true"
"106","ENSG00000143515","16",NA,"protein_coding","time14h_vs_time00h","protein_coding",-2.06704032433539,203.939678415315,-1.02210741884887,2.41742780446821e-13,20.46153002413,-3.44116427112897,3.79957896999412e-07,-2.34675813917107,0.00336384122166335,50.5078517385695,5.0849807910566,"time14h",FALSE,"TE_down","premRNA_up","ATP8B2","false","true"
"107","ENSG00000143545","8",NA,"protein_coding","time14h_vs_time00h","protein_coding",0.486072688171981,155.662535656874,-0.58203752003472,0.000285847173008827,87.6529624353784,-2.2630690707045,9.03153810097803e-10,-1.58155744071956,0.000153578222287351,106.044346139581,126.615497956818,"time14h",FALSE,"TE_down","Concordant_down","RAB13","false","true"
"108","ENSG00000143748","17",NA,"protein_coding","time14h_vs_time00h","protein_coding",0.0229006424972014,83.1974703078241,1.22907236533355,9.18466468467397e-10,46.0166233839616,-0.19239728225592,0.631819276771104,-1.3439573676489,0.003975284030793,15.7572718262777,12.0123661435434,"time14h",FALSE,"TE_down","premRNA_down","NVL","false","true"
"109","ENSG00000144136","10",NA,"protein_coding","time14h_vs_time00h","protein_coding",0.517231411670863,296.930980511129,-1.65698333118545,3.71240038672935e-46,364.643604617697,-3.36183634037021,5.57696735414841e-47,-1.64265454743516,2.13430700458848e-10,183.514799556227,225.82842391329,"time14h",FALSE,"TE_down","premRNA_up","SLC20A1","false","true"
"110","ENSG00000145147","19",NA,"protein_coding","time14h_vs_time00h","protein_coding",0.633863225991292,420.221942142947,3.72486387316533,1e-49,439.659592238082,2.86764245593967,5.65197382215358e-63,-0.797344292176071,0.00064975314961638,10.9286662641556,15.0570711717012,"time14h",FALSE,"TE_down","premRNA_up","SLIT2","false","true"
"111","ENSG00000145555","14",NA,"protein_coding","time14h_vs_time00h","protein_coding",-0.281985945048216,539.48156996179,1.50133745488328,1e-49,226.325803963478,0.691501403131647,3.10940225354752e-05,-0.743020034991826,0.000356120355345291,27.2104516834493,15.4390498222761,"time14h",FALSE,"TE_down","Concordant_up","MYO10","false","true"
"112","ENSG00000145632","14",NA,"protein_coding","time14h_vs_time00h","protein_coding",0.161832973435424,1349.06050192435,1.54640009945309,1e-49,1269.29104505963,2.07607758958318,9.72096330113479e-54,0.594306482925882,0.000154067552321076,206.394337687585,180.008388933983,"time14h",FALSE,"TE_up","Concordant_up","PLK2","false","true"
"113","ENSG00000145741","15",NA,"protein_coding","time14h_vs_time00h","protein_coding",0.276503897349512,1054.48599056142,-0.413711218417651,3.23024043305977e-07,443.038226329606,-1.38006895157352,9.52764964367153e-16,-0.896884358077096,9.86642596926746e-07,521.44388322915,508.21028108747,"time14h",FALSE,"TE_down","premRNA_down","BTF3","false","true"
"114","ENSG00000146122","16","DAAM2","protein_coding","time14h_vs_time00h","protein_coding",0.11345260403361,397.993578028011,-1.58150284491468,1e-49,230.794499069358,-3.53396551939226,7.90401333124565e-56,-1.8731882844821,1.68860807965859e-15,89.143502007381,74.1876345182562,"time14h",FALSE,"TE_down","Concordant_down","DAAM2","false","true"
"115","ENSG00000147010","17",NA,"protein_coding","time14h_vs_time00h","protein_coding",-0.067845774742556,204.934658702349,-0.0183421076670285,0.910108463503507,135.897039256654,-1.06170062868892,1.15943759150763e-07,-0.981167232337119,0.000104082660341926,50.1256264684957,34.997034366033,"time14h",FALSE,"TE_down","mixed_NS","SH3KBP1","false","true"
"116","ENSG00000147133","15",NA,"protein_coding","time14h_vs_time00h","protein_coding",-0.294179043883208,126.046394867778,-0.403365643783273,0.0126876507940121,66.496233120347,-1.81119516054296,1.55832122846801e-06,-1.29801503580088,0.00400384052747926,19.7639485955281,11.0822774699659,"time14h",FALSE,"TE_down","mixed_NS","TAF1","false","true"
"117","ENSG00000147162","13",NA,"protein_coding","time14h_vs_time00h","protein_coding",0.277111423841211,163.047443272635,-0.829900549231029,2.83493416461801e-08,110.269606658035,-2.06777383936604,6.15970977417401e-12,-1.17493603784432,0.00080541512624706,32.2117192340558,31.4127063512398,"time14h",FALSE,"TE_down","premRNA_down","OGT","false","true"
"118","ENSG00000147459","17",NA,"protein_coding","time14h_vs_time00h","protein_coding",-0.407046997478271,180.490340876523,-0.82061493948749,1.19913837412878e-08,72.1960091975593,-2.34232886143892,2.97639339505894e-15,-1.43333515842698,2.30310083667214e-05,21.4367640554651,10.7753682333415,"time14h",FALSE,"TE_down","Concordant_down","DOCK5","false","true"
"119","ENSG00000148303","16",NA,"protein_coding","time14h_vs_time00h","protein_coding",-2.00994555887312,3255.9845866418,0.210963746397297,0.00243958922611689,200.260870580634,-0.605995008507071,0.0258879111470009,-0.788416569551677,0.00958966967815567,1296.18417161377,137.916531436088,"time14h",FALSE,"TE_down","premRNA_up","RPL7A","false","true"
"120","ENSG00000150630","3",NA,"protein_coding","time14h_vs_time00h","protein_coding",0.201171711624389,220.881804192905,-0.979632338847741,1.00900691664746e-12,189.174871429756,-2.307731621884,2.36453115500946e-27,-1.26157215057256,2.99874180032559e-06,136.061529522758,123.276338357856,"time14h",FALSE,"TE_down","Concordant_down","VEGFC","false","true"
"121","ENSG00000150764","13",NA,"protein_coding","time14h_vs_time00h","protein_coding",-0.526686087913806,160.662041229324,1.22798584364253,2.58344181909015e-17,41.7361062397878,-0.673220085603239,0.0433003423292866,-1.85843157027106,9.47746747224213e-09,36.2613422463908,16.2325148234274,"time14h",FALSE,"TE_down","premRNA_up","DIXDC1","false","true"
"122","ENSG00000150776","17",NA,"protein_coding","time14h_vs_time00h","protein_coding",0.263355999268859,72.720941653886,0.252756157526591,0.246985067566809,30.8575697677483,-1.40789361816743,0.000222227420283728,-1.55220184146847,0.000353663381527071,32.5875423029798,31.3585728102901,"time14h",FALSE,"TE_down","premRNA_down","C11orf57","false","true"
"123","ENSG00000151746","13",NA,"protein_coding","time14h_vs_time00h","protein_coding",1.16831020469861,34.4339704254182,0.938391710689137,0.00473058468250287,42.9160080632505,-1.75959940670817,4.20817629169675e-06,-2.65792371721179,1.28870135493285e-07,4.02463443961895,9.30542556536756,"time14h",FALSE,"TE_down","premRNA_down","BICD1","false","true"
"124","ENSG00000152767","16",NA,"protein_coding","time14h_vs_time00h","protein_coding",0.829741049015147,317.475481742585,-0.711443882962771,1.91808820886965e-09,123.714711732314,-1.82185296117775,2.6532720652273e-16,-1.05183850882194,8.31036948668742e-05,11.9797812068214,19.9538201286812,"time14h",FALSE,"TE_down","Concordant_down","FARP1","false","true"
"125","ENSG00000153113","23",NA,"protein_coding","time14h_vs_time00h","protein_coding",1.17828120211488,642.46485610019,-0.27795885609612,0.00219780573499543,719.582334441891,-1.14365784903551,1.63637640450566e-06,-0.789247966338298,0.00714760657016715,83.2678795885538,194.393618535847,"time14h",FALSE,"TE_down","premRNA_down","CAST","false","true"
"126","ENSG00000153317","14",NA,"protein_coding","time14h_vs_time00h","protein_coding",-0.387556979670055,628.710628333393,0.684849307587952,1.14429696205974e-17,282.790507192625,-0.0127551611550123,0.964007432368963,-0.614461156114497,0.00400384052747926,101.731284566994,52.1106721772643,"time14h",FALSE,"TE_down","premRNA_down","ASAP1","false","true"
"127","ENSG00000153786","12",NA,"protein_coding","time14h_vs_time00h","protein_coding",-0.666297462421202,126.828908352486,1.09581427198523,7.89013588711285e-13,40.319956056032,0.101406315418846,0.784778576543232,-0.944313001802662,0.00938807121696458,67.1302062402593,26.2498493112871,"time14h",FALSE,"TE_down","Concordant_up","ZDHHC7","false","true"
"128","ENSG00000154678","16",NA,"protein_coding","time14h_vs_time00h","protein_coding",0.52113176899204,62.9750548309605,1.29863829476296,1.28072425696037e-08,36.0219778240905,-0.655676674350336,0.0998170509060653,-1.91575339532186,7.95786989655494e-05,8.41405675896371,10.3933077764106,"time14h",FALSE,"TE_down","premRNA_up","PDE1C","false","true"
"129","ENSG00000156011","16","PSD3","protein_coding","time14h_vs_time00h","protein_coding",-0.375464707276596,524.605048930616,0.719409338038134,1.56453662279162e-13,189.055100643715,-0.846665626406495,9.41355868222233e-05,-1.49014681388294,1.55991694273265e-11,67.656884677916,35.064789848982,"time14h",FALSE,"TE_down","premRNA_up","PSD3","false","true"
"130","ENSG00000156110","13",NA,"protein_coding","time14h_vs_time00h","protein_coding",1.50826258934436,143.096747481787,1.63151437988175,1.53032179659003e-22,193.866253232408,-0.368926033900833,0.514110109983649,-1.92380032647277,0.00149784172847133,33.3174016654515,107.076821028112,"time14h",FALSE,"TE_down","premRNA_up","ADK","false","true"
"131","ENSG00000158711","13",NA,"protein_coding","time14h_vs_time00h","protein_coding",-0.461284297625444,126.972170337866,0.0405036511175533,0.830309325695904,28.3026054586933,-1.30525242732608,0.00282329992015803,-1.27406620424461,0.00832241503859403,37.1625011821836,17.7239592455692,"time14h",FALSE,"TE_down","mixed_NS","ELK4","false","true"
"132","ENSG00000162733","16",NA,"protein_coding","time14h_vs_time00h","protein_coding",0.0561235609941114,283.301070008943,-1.74811303846146,1.5577973150157e-43,220.289241224887,-2.58610753638875,1.23172297688431e-32,-0.775157947893168,0.00938807121696458,89.3881113761551,70.3726398639558,"time14h",FALSE,"TE_down","Concordant_down","DDR2","false","true"
"133","ENSG00000162909","17",NA,"protein_coding","time14h_vs_time00h","protein_coding",0.929809860811084,1262.45582602154,-2.47752716145824,1e-49,1411.45530854847,-3.16348498742082,8.51595547187386e-172,-0.627532820524937,0.00311685366451431,314.989497465656,578.057687820122,"time14h",FALSE,"TE_down","premRNA_down","CAPN2","false","true"
"134","ENSG00000163110","14",NA,"protein_coding","time14h_vs_time00h","protein_coding",0.607607522034105,407.177586280719,0.540946634239705,1.07209419941085e-08,598.501301200838,1.10374258591733,7.53510106387193e-13,0.62199871529117,0.000375322040737157,64.930504298104,87.2120720951729,"time14h",FALSE,"TE_up","premRNA_up","PDLIM5","false","true"
"135","ENSG00000163625","15",NA,"protein_coding","time14h_vs_time00h","protein_coding",-0.941538421595113,724.196699153716,1.27226451282752,1e-49,199.80380378607,0.227939659902754,0.360606074658262,-0.964145658816901,4.3522709680916e-06,37.6022760259545,11.2624238375371,"time14h",FALSE,"TE_down","premRNA_down","WDFY3","false","true"
"136","ENSG00000163697","16",NA,"protein_coding","time14h_vs_time00h","protein_coding",-0.168261112025525,866.335328710794,0.0531186745985477,0.557910090890358,241.410326088848,-0.988368078138645,1.35855912993014e-08,-0.966952651475648,1.28355253018509e-08,127.800849854131,80.9583132846628,"time14h",FALSE,"TE_down","premRNA_up","APBB2","false","true"
"137","ENSG00000163719","19",NA,"protein_coding","time14h_vs_time00h","protein_coding",-0.056057378936788,154.79349960401,1.83129489875937,1.89687019807637e-33,59.9593597053158,0.76521510333705,0.00949746793601113,-0.997694332851919,0.0064832191450512,19.2105265311889,13.5665668217665,"time14h",FALSE,"TE_down","Concordant_up","MTMR14","false","true"
"138","ENSG00000163785","12","RYK","protein_coding","time14h_vs_time00h","protein_coding",-1.6477181576894,254.81072538105,-0.419201605594428,0.00166030658593704,53.9628712261643,1.82561784038418,1.1331947286571e-09,2.30744231172485,2.73217117675965e-13,49.8329947411475,7.53098909718212,"time14h",FALSE,"TE_up","Concordant_down","RYK","false","true"
"139","ENSG00000163832","15",NA,"protein_coding","time14h_vs_time00h","protein_coding",0.529520212741727,57.0787640840617,-0.825012959277532,0.000907231372832997,69.6912653274267,0.329064725469028,0.270066245118682,1.18629143923964,0.00496212438300267,30.0402705646287,37.4094328957504,"time14h",FALSE,"TE_up","Concordant_down","ELP6","false","true"
"140","ENSG00000164741","14",NA,"protein_coding","time14h_vs_time00h","protein_coding",-0.491471380794,1543.54825646047,1.99201495480792,1e-49,585.339373690874,1.48652894886926,1.48772700406518e-32,-0.446886859829465,0.00967218532983864,80.4665615365115,37.2710689352573,"time14h",FALSE,"TE_down","premRNA_down","DLC1","false","true"
"141","ENSG00000165156","14",NA,"protein_coding","time14h_vs_time00h","protein_coding",-1.10130576452061,414.269013251159,2.08588624452293,1e-49,73.3352932714884,0.873070123127223,0.016737602012425,-1.13680943845283,0.00601615255584963,40.1816483224725,10.3093900280945,"time14h",FALSE,"TE_down","premRNA_down","ZHX1","false","true"
"142","ENSG00000165650","11",NA,"protein_coding","time14h_vs_time00h","protein_coding",-1.14329718966801,353.330831351572,1.17623446287428,6.18886914689481e-28,55.3020121080254,-0.378950065134182,0.312454107789965,-1.43901923244532,1.55254366772644e-06,39.1057751743151,9.63342568572689,"time14h",FALSE,"TE_down","premRNA_down","PDZD8","false","true"
"143","ENSG00000165671","18",NA,"protein_coding","time14h_vs_time00h","protein_coding",-0.993304705476617,494.849675737651,-0.0712088434135227,0.503807194259817,123.68465228831,-1.00521258194554,4.41003355082243e-05,-0.859100391889302,0.0010513149087808,45.1890526966064,12.872811712835,"time14h",FALSE,"TE_down","mixed_NS","NSD1","false","true"
"144","ENSG00000166794","4",NA,"protein_coding","time14h_vs_time00h","protein_coding",1.04081748357497,1138.01372593789,0.272728742085704,0.000100456776408702,2854.52419691474,0.54191203308548,6.34420927706786e-14,0.331010006928258,0.00012607925692784,997.071531827494,2037.51686979579,"time14h",FALSE,"TE_up","premRNA_down","PPIB","false","true"
"145","ENSG00000167721","10",NA,"protein_coding","time14h_vs_time00h","protein_coding",0.297216861905725,339.851275264369,0.853678343263787,7.5922815572922e-16,271.179603619792,-0.364824177683632,0.0682897693621024,-1.15558807882269,5.62293366326446e-09,70.2616463164822,69.8663292858751,"time14h",FALSE,"TE_down","Concordant_up","TSR1","false","true"
"146","ENSG00000169604","19",NA,"protein_coding","time14h_vs_time00h","protein_coding",0.717595630708925,986.804070208345,-1.10750008348416,1.47327327087228e-42,1683.89964341986,-1.6929089282965,3.14332215464902e-56,-0.520263684023508,0.000607114123228354,446.140361642027,666.607558451467,"time14h",FALSE,"TE_down","Concordant_down","ANTXR1","false","true"
"147","ENSG00000170035","15",NA,"protein_coding","time14h_vs_time00h","protein_coding",-0.0319908351361404,220.927929771931,-0.199286395216735,0.140600024630765,105.507271231656,-1.06951797936909,1.1472098979536e-05,-0.791874005971561,0.00974132236906791,123.126617839548,89.0035219660384,"time14h",FALSE,"TE_down","premRNA_up","UBE2E3","false","true"
"148","ENSG00000170471","14",NA,"protein_coding","time14h_vs_time00h","protein_coding",-0.136150713723881,372.14408143488,1.92611030138261,1e-49,141.265072363632,0.855331147014477,0.000494369617430855,-0.996951851782013,0.000258089183680672,23.9856392657133,15.6742773962581,"time14h",FALSE,"TE_down","premRNA_down","RALGAPB","false","true"
"149","ENSG00000170581","13",NA,"protein_coding","time14h_vs_time00h","protein_coding",0.297660726157501,158.804746941752,-0.754337133930131,3.283801174178e-07,151.054246159791,-1.61076223477585,1.04179857790437e-18,-0.80056067812192,0.00299394688613988,48.8993176785761,48.6451036614904,"time14h",FALSE,"TE_down","mixed_NS","STAT2","false","true"
"150","ENSG00000171940","13","ZNF217","protein_coding","time14h_vs_time00h","protein_coding",-0.293752470674405,3086.01571097865,4.76345534178228,1e-49,2847.23107762945,5.37294069003477,0,0.672655047345503,0.000136012477357654,47.4788598243218,26.6339168768645,"time14h",FALSE,"TE_up","premRNA_down","ZNF217","false","true"
"151","ENSG00000172331","11",NA,"protein_coding","time14h_vs_time00h","protein_coding",-0.535114440148649,189.915313150651,3.09037479467845,1e-49,232.140102098438,4.57306728950008,1.06431825082708e-32,1.55791739085107,0.00162746351992224,47.4441879843,21.0658616385407,"time14h",FALSE,"TE_up","premRNA_up","BPGM","false","true"
"152","ENSG00000172671","19",NA,"protein_coding","time14h_vs_time00h","protein_coding",-0.310959123530935,30.9794523164373,2.23485229614588,2.15492531862769e-11,4.37848491796239,-0.533654045246083,0.592765145385354,-2.5788635570299,0.00758254322456492,2.94459442651238,1.62450697016498,"time14h",FALSE,"TE_down","premRNA_down","ZFAND4","false","true"
"153","ENSG00000173545","4",NA,"protein_coding","time14h_vs_time00h","protein_coding",0.138823810851906,719.495246393256,3.91775405261573,1e-49,1252.3706235765,4.51240751404262,6.31159412338075e-287,0.655504804014525,0.00199076174268315,56.3974417668348,48.1032753032215,"time14h",FALSE,"TE_up","premRNA_down","ZNF622","false","true"
"154","ENSG00000174444","14",NA,"protein_coding","time14h_vs_time00h","protein_coding",-0.581325648129022,5357.15652991154,0.465501737204108,6.21585977879237e-15,640.391555849313,-0.396083848158388,0.0967644372048421,-0.797640616005559,8.63258326340152e-05,799.962434071287,339.64498998139,"time14h",FALSE,"TE_down","mixed_NS","RPL4","false","true"
"155","ENSG00000176624","10",NA,"protein_coding","time14h_vs_time00h","protein_coding",-0.295405138642342,428.465216062654,2.43599239796128,1e-49,129.80540262209,1.22068778579879,4.99909351113851e-10,-1.16698952114488,3.18992745568407e-06,38.430715931936,21.5237516939568,"time14h",FALSE,"TE_down","Concordant_up","MEX3C","false","true"
"156","ENSG00000177030","16",NA,"protein_coding","time14h_vs_time00h","protein_coding",-1.90175074035644,61.7619360149662,-1.91521340951328,7.95440218803188e-13,12.7003736893147,0.650008695258437,0.360148038455564,2.46797371457017,0.00107156678123077,25.9117872698305,3.06170576835481,"time14h",FALSE,"TE_up","Concordant_down","DEAF1","false","true"
"157","ENSG00000177463","15",NA,"protein_coding","time14h_vs_time00h","protein_coding",-0.205392967319359,101.375173259264,0.764079070355159,3.18001569978236e-05,40.1455632163187,-0.444678307393398,0.175137394023358,-1.16633492687402,0.00489395724099154,22.2429740264043,13.5925070431849,"time14h",FALSE,"TE_down","Concordant_up","NR2C2","false","true"
"158","ENSG00000180198","15",NA,"protein_coding","time14h_vs_time00h","protein_coding",-0.196760440996032,85.42287451936,-0.839862175540873,1.26803014630394e-05,67.8537058183537,-2.01381724283753,3.04200229136774e-12,-1.13844379097076,0.00432754237034813,56.4360062523441,34.777199107131,"time14h",FALSE,"TE_down","premRNA_up","RCC1","false","true"
"159","ENSG00000182197","10",NA,"protein_coding","time14h_vs_time00h","protein_coding",-0.477174377633243,638.038848024408,1.49260335845792,1e-49,120.934549747032,0.0759283512150204,0.779810326907472,-1.32444477701693,2.92613437550614e-10,53.3208740952876,25.0419572807154,"time14h",FALSE,"TE_down","premRNA_up","EXT1","false","true"
"160","ENSG00000182326","14",NA,"protein_coding","time14h_vs_time00h","protein_coding",1.16900391726689,34.508547018214,2.88804454182847,7.61559041601264e-18,22.3613877411621,0.670455009876475,0.11233684348212,-2.14035609660714,0.00033318573122783,2.15155967469102,4.97800162654733,"time14h",FALSE,"TE_down","Concordant_up","C1S","false","true"
"161","ENSG00000182774","10",NA,"protein_coding","time14h_vs_time00h","protein_coding",0.133808562092625,3610.64875970517,0.440473796256551,3.85870863545055e-09,698.290281887874,-0.317644107085772,0.110396781502418,-0.697178526848548,0.000885569215810808,769.593224034408,653.230740646168,"time14h",TRUE,"TE_down","mixed_NS","RPS17","false","true"
"162","ENSG00000183023","18","SLC8A1","protein_coding","time14h_vs_time00h","protein_coding",0.661340962288351,356.082783303836,-0.692937045644919,1.06407470019443e-08,175.594211255006,-3.92440267652871,2.69841831151748e-25,-3.16537578689451,1.68860807965859e-15,35.360078978857,50.0318051651478,"time14h",FALSE,"TE_down","Concordant_down","SLC8A1","false","true"
"163","ENSG00000184014","7",NA,"protein_coding","time14h_vs_time00h","protein_coding",-1.5324243853534,821.974051684134,0.420988540790823,6.15704077710486e-08,89.6635787062981,-0.960584496252366,1.40577695612829e-05,-1.33132424728389,1.55991694273265e-11,106.858069802741,18.056987012633,"time14h",FALSE,"TE_down","Concordant_up","DENND5A","false","true"
"164","ENSG00000184470","20",NA,"protein_coding","time14h_vs_time00h","protein_coding",0.861807862345227,53.4504794906357,-2.41886746884124,3.80428986122949e-15,69.5141163108557,-0.536015302950839,0.254029922608106,1.91844685369829,0.00431077382613203,10.56538275312,18.1531746892748,"time14h",FALSE,"TE_up","premRNA_up","TXNRD2","false","true"
"165","ENSG00000186318","16",NA,"protein_coding","time14h_vs_time00h","protein_coding",-0.503349364589953,124.813389167029,-1.04677512213829,3.98559671909199e-09,63.1133671627066,-2.54519266522247,6.63209512933582e-12,-1.42550350080483,0.00458726424257575,73.0127933416129,33.4316969079354,"time14h",FALSE,"TE_down","Concordant_down","BACE1","false","true"
"166","ENSG00000188229","5",NA,"protein_coding","time14h_vs_time00h","protein_coding",0.443380407025921,1887.73472931307,1.02091468388975,1.69683806746616e-30,2042.68367777805,-0.233503924989321,0.259647786692498,-1.19371451512469,4.25640406397852e-07,726.905094196766,832.754232079446,"time14h",FALSE,"TE_down","premRNA_up","TUBB4B","false","true"
"167","ENSG00000188846","13",NA,"protein_coding","time14h_vs_time00h","protein_coding",-0.127373647280605,1785.24001854438,0.376176824870117,4.01205767825996e-08,154.402644302398,-0.530855327449618,0.0257422587935288,-0.8929235234751,2.86412734544667e-05,196.950259213063,129.803143726346,"time14h",FALSE,"TE_down","Concordant_up","RPL14","false","true"
"168","ENSG00000196141","13",NA,"protein_coding","time14h_vs_time00h","protein_coding",0.97360357232371,887.995029704286,-1.40789293792061,1e-49,589.278182213092,-2.02069405648599,8.50860205080095e-47,-0.561214382409561,0.00531537255321809,126.184577210976,241.604466141716,"time14h",FALSE,"TE_down","premRNA_down","SPATS2L","false","true"
"169","ENSG00000196323","11",NA,"protein_coding","time14h_vs_time00h","protein_coding",-1.20203690410166,74.1470079693954,0.723373919512789,0.000546507449419901,11.5578462631558,-2.07171526610061,0.00975446571953576,-2.67289604747659,0.000934485151819394,17.5587421804005,4.08622285139858,"time14h",FALSE,"TE_down","premRNA_up","ZBTB44","false","true"
"170","ENSG00000196498","13",NA,"protein_coding","time14h_vs_time00h","protein_coding",0.325685098088611,238.036280787498,-3.03641607275732,1e-49,242.036903633647,-5.85522085973047,2.36555556540385e-27,-2.8071869235575,6.67057176223136e-05,35.5509885975264,36.3393861651415,"time14h",FALSE,"TE_down","Concordant_down","NCOR2","false","true"
"171","ENSG00000196652","11",NA,"protein_coding","time14h_vs_time00h","protein_coding",-1.21809361438913,207.739336744224,2.17980113835655,1e-49,28.1184246361189,0.937150212336695,0.00903088755641238,-1.18520245278335,0.0024288465868526,24.3006288839014,5.56789789933685,"time14h",FALSE,"TE_down","Concordant_up","ZKSCAN5","false","true"
"172","ENSG00000196914","8",NA,"protein_coding","time14h_vs_time00h","protein_coding",-0.527754823563516,1174.40587452368,1.16993143695098,1e-49,188.178566764564,-0.10410067816247,0.803320409424603,-1.19591295972681,0.000282715229391216,50.155356986324,22.4289866197859,"time14h",FALSE,"TE_down","premRNA_down","ARHGEF12","false","true"
"173","ENSG00000197535","14",NA,"protein_coding","time14h_vs_time00h","protein_coding",-0.564619801064445,685.376721993109,1.27034641966685,1e-49,248.423927357863,0.343225617557089,0.171644245915159,-0.869970836489272,0.000236842157223097,53.5172312051719,23.0928342123251,"time14h",FALSE,"TE_down","premRNA_up","MYO5A","false","true"
"174","ENSG00000197555","9",NA,"protein_coding","time14h_vs_time00h","protein_coding",-0.757184030384302,522.501167120235,0.861662680664532,4.78637487655877e-24,133.81777397619,0.0590453020235914,0.800248797930508,-0.74734682831633,7.27376719290725e-05,39.8617972314327,14.2735054482952,"time14h",FALSE,"TE_down","premRNA_up","SIPA1L1","false","true"
"175","ENSG00000197756","9",NA,"protein_coding","time14h_vs_time00h","protein_coding",1.01623350627082,3802.67612279908,0.369734281607095,5.23526860387912e-07,701.784614792251,-0.193269558281781,0.217348369250539,-0.501882711090077,0.0077452536010563,485.191272345928,968.156677444094,"time14h",FALSE,"TE_down","premRNA_down","RPL37A","false","true"
"176","ENSG00000198121","13",NA,"protein_coding","time14h_vs_time00h","protein_coding",-0.0650654826611882,286.33472511426,-1.44250421006568,1.83579424722337e-29,185.092013000996,-2.421590243494,1.08998564804118e-29,-0.906161289362988,0.00149784172847133,198.902580066222,139.245602291814,"time14h",FALSE,"TE_down","premRNA_up","LPAR1","false","true"
"177","ENSG00000198231","12",NA,"protein_coding","time14h_vs_time00h","protein_coding",1.06059681510846,238.421018984572,0.57262575404505,7.06572041599513e-06,285.560312839549,-0.64638206408519,0.000200457882622621,-1.14467167198791,2.18832771152553e-08,32.1451512915803,66.9593665254036,"time14h",FALSE,"TE_down","Concordant_up","DDX42","false","true"
"178","ENSG00000198561","13","CTNND1","protein_coding","time14h_vs_time00h","protein_coding",0.133854487055351,752.321077762945,1.35554713665823,1e-49,849.479061546406,1.83872094122947,8.94540291473459e-102,0.544576898709256,2.90516404427583e-07,106.556591792273,90.4492604531415,"time14h",FALSE,"TE_up","premRNA_down","CTNND1","false","true"
"179","ENSG00000198722","14",NA,"protein_coding","time14h_vs_time00h","protein_coding",-1.59322333084348,438.597426708045,1.62596218604462,1e-49,96.5543360560905,0.831882793906737,0.000544640872013315,-0.7020423537067,0.00601615255584963,20.55448201386,3.27466586885335,"time14h",FALSE,"TE_down","premRNA_up","UNC13B","false","true"
"180","ENSG00000203668","2",NA,"protein_coding","time14h_vs_time00h","protein_coding",-1.11143906299891,413.644829646277,1.74578989726731,1e-49,110.881273502615,0.899292359504727,0.000333845397855548,-0.785725100493813,0.00791162007277258,58.934083510403,14.9729984474132,"time14h",FALSE,"TE_down","premRNA_down","CHML","false","true"
"181","ENSG00000204519","10",NA,"protein_coding","time14h_vs_time00h","protein_coding",-0.693005795379424,127.299317989487,2.87868467444112,1e-49,30.1375374279409,1.05015136321623,0.00547319207023607,-1.76360523011374,6.472289740282e-06,16.6351049973097,6.33867453262959,"time14h",FALSE,"TE_down","premRNA_down","ZNF551","false","true"
"182","ENSG00000204628","11",NA,"protein_coding","time14h_vs_time00h","protein_coding",0.340453816425622,6547.88071898367,0.399558917251476,1.38230200001855e-08,2677.65065662656,-0.236074679193239,0.0514780956833599,-0.574764023560354,0.000407396246634656,914.451435958304,948.199238677119,"time14h",FALSE,"TE_down","premRNA_up","RACK1","false","true"
"183","ENSG00000231500","6",NA,"protein_coding","time14h_vs_time00h","protein_coding",-1.15612007834333,2539.51439282432,0.506945787996595,4.33938083618926e-16,201.985013472395,-0.046299804907685,0.842528670281792,-0.519091117604873,0.00613670948544159,1110.16391104405,270.104921585965,"time14h",FALSE,"TE_down","Concordant_up","RPS18","false","true"
"184","ENSG00000240857","1",NA,"protein_coding","time14h_vs_time00h","protein_coding",-0.512648459930693,159.769963659412,3.18550333638987,1e-49,55.5373264657481,-0.0211908137566013,0.972077227604467,-3.14572601873489,1.55991694273265e-11,65.4894156290388,29.7179286837929,"time14h",FALSE,"TE_down","Concordant_up","RDH14","false","true"
"185","ENSG00000243414","5",NA,"protein_coding","time14h_vs_time00h","protein_coding",-0.32130852674426,66.3919639434013,1.36044972527154,1.16546770260256e-10,20.9173607758167,-1.48964270924878,0.0151397253000409,-2.76456997476873,9.22937872393569e-07,51.0787222113322,27.8985883010395,"time14h",FALSE,"TE_down","Concordant_up","TICAM2","false","true"
"186","ENSG00000250741","6",NA,"protein_coding","time14h_vs_time00h","protein_coding",-0.533745439106987,809.302027868534,7.00103863421078,1e-49,166.027480876884,5.08416444485765,2.56963761080938e-51,-1.83975028270428,7.40384695580295e-05,9.23371609715731,4.10533547237807,"time14h",FALSE,"TE_down","Concordant_up","NT5C1B-RDH14","false","true"
"187","ENSG00000259112","2",NA,"protein_coding","time14h_vs_time00h","protein_coding",0.953845183182578,320.552527520972,0.305947538651916,0.011272445501208,609.831810526102,0.832931956715216,1.52396382740301e-10,0.587413173883389,0.00666115691169721,312.576602823836,587.141790241305,"time14h",FALSE,"TE_up","mixed_NS","NDUFC2-KCTD14","false","true"
"188","ENSG00000263809","1",NA,"protein_coding","time14h_vs_time00h","protein_coding",0.16035584047488,287.133218854308,0.739346895436265,3.1865901358029e-08,30.320085154053,-0.929630468719061,0.033078881873276,-1.5740175679003,0.000200072664887279,77.7617499786392,67.7235284481128,"time14h",FALSE,"TE_down","mixed_NS","RP11-849F2.7","false","true"
"189","ENSG00000269556","7",NA,"protein_coding","time14h_vs_time00h","protein_coding",1.41880084887031,91.0249774196137,3.84214055072848,1e-49,41.5100351743959,1.8643377716631,1.70999491614501e-07,-1.91181623414588,3.24147198092519e-05,3.81776818218605,11.251184475797,"time14h",FALSE,"TE_down","Concordant_up","TMEM185A","false","true"
